INSERT INTO patogeno VALUES
('Mycobacterium tuberculosis', 'Bactéria'),
('Influenza virus', 'Vírus'),
('Plasmodium spp.', 'Parasita'),
('Dengue virus', 'Vírus'),
('Hepatitis B virus', 'Vírus'),
('Treponema pallidum', 'Bactéria'),
('Candida albicans', 'Fungo'),
('Varicella-zoster virus', 'Vírus'),
('Leptospira spp.', 'Bactéria'),
('Toxoplasma gondii', 'Parasita'),
('Neisseria meningitidis', 'Bactéria'),
('Yellow fever virus', 'Vírus'),
('Zika virus', 'Vírus'),
('Chikungunya virus', 'Vírus'),
('Rubella virus', 'Vírus'),
('Measles virus', 'Vírus'),
('Clostridium tetani', 'Bactéria'),
('Mycobacterium leprae', 'Bactéria'),
('Vibrio cholerae', 'Bactéria'),
('Salmonella typhi', 'Bactéria'),
('Poliovirus', 'Vírus'),
('Rabies virus', 'Vírus'),
('Schistosoma spp.', 'Parasita'),
('Giardia lamblia', 'Parasita'),
('Entamoeba histolytica', 'Parasita'),
('Trichomonas vaginalis', 'Parasita'),
('Trypanosoma cruzi', 'Parasita'),
('Leishmania spp.', 'Parasita'),
('Hepatitis A virus', 'Vírus'),
('Hepatitis C virus', 'Vírus'),
('Herpes simplex virus', 'Vírus'),
('Variola virus', 'Vírus'),
('Epstein-Barr virus', 'Vírus'),
('Mumps virus', 'Vírus');

INSERT INTO doenca VALUES
('A15-A19', 'Tuberculose', 'Mycobacterium tuberculosis'),
('J10-J11', 'Gripe', 'Influenza virus'),
('B50-B54', 'Malária', 'Plasmodium spp.'),
('A90', 'Dengue', 'Dengue virus'),
('B16', 'Hepatite B', 'Hepatitis B virus'),
('A50-A53', 'Sífilis', 'Treponema pallidum'),
('B37', 'Candidíase', 'Candida albicans'),
('B01', 'Varicela', 'Varicella-zoster virus'),
('A27', 'Leptospirose', 'Leptospira spp.'),
('B58', 'Toxoplasmose', 'Toxoplasma gondii'),
('G00-G03', 'Meningite', 'Neisseria meningitidis'),
('A95', 'Febre Amarela', 'Yellow fever virus'),
('A92.5', 'Zika', 'Zika virus'),
('A92.0', 'Chikungunya', 'Chikungunya virus'),
('B06', 'Rubéola', 'Rubella virus'),
('B05', 'Sarampo', 'Measles virus'),
('A33-A35', 'Tétano', 'Clostridium tetani'),
('A30', 'Hanseníase', 'Mycobacterium leprae'),
('A00', 'Cólera', 'Vibrio cholerae'),
('A01.0', 'Tifoide', 'Salmonella typhi'),
('A80', 'Poliomelite', 'Poliovirus'),
('A82', 'Raiva', 'Rabies virus'),
('B65', 'Esquistossomose', 'Schistosoma spp.'),
('A07.1', 'Giardíase', 'Giardia lamblia'),
('A06', 'Amebíase', 'Entamoeba histolytica'),
('A59', 'Tricomoníase', 'Trichomonas vaginalis'),
('B57', 'Doença de Chagas', 'Trypanosoma cruzi'),
('B55', 'Leishmaniose', 'Leishmania spp.'),
('A33', 'Tétano Neonatal', 'Clostridium tetani'),
('B15', 'Hepatite A', 'Hepatitis A virus'),
('B17.1', 'Hepatite C', 'Hepatitis C virus'),
('B00', 'Herpes simples', 'Herpes simplex virus'),
('B03', 'Varíola', 'Variola virus'),
('B27', 'Mononucleose', 'Epstein-Barr virus'),
('B26', 'Caxumba', 'Mumps virus');

INSERT INTO nome_popular VALUES
('B37', 'Sapinho'),
('B01', 'Catapora'),
('A30', 'Lepra'),
('B65', 'Barriga d''água'),
('B27', 'Doença do beijo'),
('B26', 'Papeira');

INSERT INTO sintoma VALUES
('Tosse'), ('Febre'), ('Dor de cabeça'), ('Fadiga'), ('Calafrios'), ('Dor muscular'), ('Erupção cutânea'),
('Icterícia'), ('Dor abdominal'), ('Úlceras'), ('Coceira'), ('Corrimento'), ('Dor ao urinar'), ('Ínguas'), ('Rigidez de nuca'),
('Dor articular'), ('Espasmos musculares'), ('Rigidez'), ('Manchas na pele'), ('Perda de sensibilidade'),
('Fraqueza muscular'), ('Diarreia'), ('Vômito'), ('Desidratação'), ('Paralisia'), ('Náusea'), ('Inchaço no local da picada'),
('Feridas na pele'), ('Perda de peso'), ('Dor de garganta'), ('Inchaço das glândulas'), ('Feridas');

INSERT INTO sintoma_doenca VALUES 
('A15-A19', 'Tosse', 'muito comum'),
('A15-A19', 'Febre', 'comum'),
('A15-A19', 'Perda de peso', 'comum'),
('J10-J11', 'Febre', 'muito comum'),
('J10-J11', 'Dor de cabeça', 'comum'),
('J10-J11', 'Fadiga', 'comum'),
('B50-B54', 'Febre', 'muito comum'),
('B50-B54', 'Calafrios', 'muito comum'),
('B50-B54', 'Dor de cabeça', 'comum'),
('A90', 'Febre', 'muito comum'),
('A90', 'Dor muscular', 'comum'),
('A90', 'Erupção cutânea', 'comum'),
('B16', 'Icterícia', 'comum'),
('B16', 'Fadiga', 'comum'),
('B16', 'Dor abdominal', 'comum'),
('A50-A53', 'Úlceras', 'comum'),
('A50-A53', 'Erupção cutânea', 'comum'),
('A50-A53', 'Febre', 'pouco comum'),
('B37', 'Coceira', 'muito comum'),
('B37', 'Corrimento', 'comum'),
('B37', 'Dor ao urinar', 'pouco comum'),
('B01', 'Erupção cutânea', 'muito comum'),
('B01', 'Febre', 'comum'),
('B01', 'Coceira', 'comum'),
('A27', 'Febre', 'muito comum'),
('A27', 'Dor muscular', 'comum'),
('A27', 'Icterícia', 'pouco comum'),
('B58', 'Febre', 'pouco comum'),
('B58', 'Dor muscular', 'pouco comum'),
('B58', 'Ínguas', 'pouco comum'),
('G00-G03', 'Febre', 'muito comum'),
('G00-G03', 'Dor de cabeça', 'muito comum'),
('G00-G03', 'Rigidez de nuca', 'comum'),
('A95', 'Febre', 'muito comum'),
('A95', 'Icterícia', 'comum'),
('A95', 'Dor muscular', 'comum'),
('A92.5', 'Febre', 'comum'),
('A92.5', 'Erupção cutânea', 'comum'),
('A92.5', 'Dor articular', 'comum'),
('A92.0', 'Febre', 'muito comum'),
('A92.0', 'Dor articular', 'muito comum'),
('A92.0', 'Erupção cutânea', 'comum'),
('B06', 'Erupção cutânea', 'muito comum'),
('B06', 'Febre', 'comum'),
('B06', 'Ínguas', 'comum'),
('B05', 'Erupção cutânea', 'muito comum'),
('B05', 'Febre', 'muito comum'),
('B05', 'Tosse', 'comum'),
('A33-A35', 'Espasmos musculares', 'muito comum'),
('A33-A35', 'Rigidez', 'muito comum'),
('A33-A35', 'Febre', 'pouco comum'),
('A30', 'Manchas na pele', 'muito comum'),
('A30', 'Perda de sensibilidade', 'comum'),
('A30', 'Fraqueza muscular', 'pouco comum'),
('A00', 'Diarreia', 'muito comum'),
('A00', 'Vômito', 'comum'),
('A00', 'Desidratação', 'comum'),
('A01.0', 'Febre', 'muito comum'),
('A01.0', 'Dor abdominal', 'comum'),
('A01.0', 'Erupção cutânea', 'pouco comum'),
('A80', 'Paralisia', 'muito comum'),
('A80', 'Febre', 'comum'),
('A80', 'Dor muscular', 'comum'),
('A82', 'Febre', 'muito comum'),
('A82', 'Dor de cabeça', 'comum'),
('A82', 'Espasmos musculares', 'comum'),
('B65', 'Febre', 'comum'),
('B65', 'Dor abdominal', 'comum'),
('B65', 'Diarreia', 'pouco comum'),
('A07.1', 'Diarreia', 'muito comum'),
('A07.1', 'Dor abdominal', 'comum'),
('A07.1', 'Náusea', 'comum'),
('A06', 'Diarreia', 'muito comum'),
('A06', 'Dor abdominal', 'comum'),
('A06', 'Febre', 'pouco comum'),
('A59', 'Corrimento', 'muito comum'),
('A59', 'Coceira', 'comum'),
('A59', 'Dor ao urinar', 'pouco comum'),
('B57', 'Febre', 'comum'),
('B57', 'Inchaço no local da picada', 'comum'),
('B57', 'Dor abdominal', 'pouco comum'),
('B55', 'Feridas na pele', 'muito comum'),
('B55', 'Febre', 'comum'),
('B55', 'Perda de peso', 'comum'),
('A33', 'Espasmos musculares', 'muito comum'),
('A33', 'Rigidez', 'muito comum'),
('A33', 'Febre', 'pouco comum'),
('B15', 'Icterícia', 'comum'),
('B15', 'Fadiga', 'comum'),
('B15', 'Dor abdominal', 'comum'),
('B17.1', 'Icterícia', 'comum'),
('B17.1', 'Fadiga', 'comum'),
('B17.1', 'Dor abdominal', 'comum'),
('B00', 'Feridas', 'muito comum'),
('B00', 'Coceira', 'comum'),
('B00', 'Dor ao urinar', 'pouco comum'),
('B03', 'Erupção cutânea', 'muito comum'),
('B03', 'Febre', 'muito comum'),
('B03', 'Dor muscular', 'comum'),
('B27', 'Febre', 'muito comum'),
('B27', 'Dor de garganta', 'comum'),
('B27', 'Fadiga', 'comum'),
('B26', 'Inchaço das glândulas', 'muito comum'),
('B26', 'Febre', 'comum'),
('B26', 'Dor de cabeça', 'comum');

